Script,Result_from_GPT
"
		var json_locale_data = '';
	",It looks like you've declared a variable called `json_locale_data` and assigned it an empty string. Is there anything specific you would like to do with this variable?
"(function(w,d,s,l,i,j){w[l]=w[l]||[];w[l].push({'gtm.start':
	new Date().getTime(),event:j+'.js'});var f=d.getElementsByTagName(s)[0],
	j=d.createElement(s),dl=l!='dataLayer'?'&l='+l:'';j.async=true;j.src=
	'https://www.googletagmanager.com/gtm.js?id='+i+dl;f.parentNode.insertBefore(j,f);
	})(window,document,'script','dataLayer','GTM-W4LBRPB','gtm');","This is a script for Google Tag Manager (GTM) that initializes the data layer and pushes an event to it. It also loads the GTM script asynchronously.

The script initializes the data layer and pushes an event with the event name 'gtm.js' and the current timestamp. Then, it dynamically creates a script element and sets its source to the GTM script URL with the provided container ID.

This script is used to integrate Google Tag Manager with a website to manage and deploy marketing tags and analytics tools."
"(function(w,d,s,l,i,j){w[l]=w[l]||[];w[l].push({'gtm.start':
	new Date().getTime(),event:j+'.js'});var f=d.getElementsByTagName(s)[0],
	j=d.createElement(s),dl=l!='dataLayer'?'&l='+l:'';j.async=true;j.src=
	'https://www.googletagmanager.com/gtm.js?id='+i+dl;f.parentNode.insertBefore(j,f);
	})(window,document,'script','dataLayer','GTM-WWXRLGQ','gtm');","This script is a snippet of code that initializes Google Tag Manager (GTM) on a web page. It creates a data layer array and pushes an event with the start time and the name of the JavaScript file being loaded. Then, it dynamically creates a script element and inserts it into the document to load the GTM library from the specified URL with the provided GTM container ID. The script is designed to be executed in the browser environment and is used for tracking and managing various analytics and marketing tags on a website."
"window.dataLayer = window.dataLayer || [];function gtag(){dataLayer.push(arguments)}gtag(""js"", new Date())","The code you provided is a snippet of JavaScript code that initializes Google Tag Manager (GTM) dataLayer and sends a ""js"" event to it with the current date. This code is commonly used to set up Google Analytics tracking on a website. The `gtag` function is used to push events and data to the dataLayer, which can then be processed by GTM."
"
{
  ""@context"":""http://schema.org"",
  ""@type"":""ItemList"",
  ""itemListElement"":[
	{
	  ""@type"": ""ListItem"",
	  ""name"": ""화려한 세미아웃"",
	  ""image"": ""https://daprs.com/data/skin/front/main/img/naver/naver_c01.jpg"",
	  ""url"": ""https://www.daprs.com/eye/semiout.php"",
	  ""position"": ""1""
	},
	{
	  ""@type"": ""ListItem"",
	  ""name"": ""자려한 코성형"",
	  ""image"": ""https://daprs.com/data/skin/front/main/img/naver/naver_c02.jpg"",
	  ""url"": ""https://daprs.com/nose/cartilage.php"",
	  ""position"": ""2""
	},
	{
	  ""@type"": ""ListItem"",
	  ""name"": ""쉐이핑 V라인"",
	  ""image"": ""https://daprs.com/data/skin/front/main/img/naver/naver_c03.jpg"",
	  ""url"": ""https://daprs.com/face/shapingvline.php"",
	  ""position"": ""3""
	},
	{
	  ""@type"": ""ListItem"",
	  ""name"": ""DA FOR MAN"",
	  ""image"": ""https://daprs.com/data/skin/front/main/img/naver/naver_c04.jpg"",
	  ""url"": ""https://daprs.com/men/index.php"",
	  ""position"": ""4""
	},
	{
	  ""@type"": ""ListItem"",
	  ""name"": ""DA 가슴"",
	  ""image"": ""https://daprs.com/data/skin/front/main/img/naver/naver_c05.jpg"",
	  ""url"": ""https://daprs.com/breast/dabreast.php"",
	  ""position"": ""5""
	},
	{
	  ""@type"": ""ListItem"",
	  ""name"": ""수직미니리프팅"",
	  ""image"": ""https://daprs.com/data/skin/front/main/img/naver/naver_c06.jpg"",
	  ""url"": ""https://lifting.daprs.com/surgery/3040minilifting.php"",
	  ""position"": ""6""
	}
  ]
}
","The provided JSON-LD data represents a list of cosmetic surgery procedures offered by a specific clinic. Each procedure is represented as a ListItem with properties such as name, image, URL, and position. The context is set to schema.org, indicating that the data follows the schema.org vocabulary for structured data on the internet. 

Would you like me to assist you with anything specific related to this data?"
"
    $(document).ready(function(){
		new Swiper('.slider-banner-2665316930 .swiper-container', {
			loop: true,
			navigation: {
				nextEl: '.slider-banner-2665316930 .swiper-button-next',
				prevEl: '.slider-banner-2665316930 .swiper-button-prev',
			},
			pagination: {
				el: '.slider-banner-2665316930 .swiper-pagination',
				type: 'bullets',
			},
			autoplay: {
				delay: 5000,
			},

			/*
            centerMode:true,
            variableWidth: true,
            adaptiveHeight: true,
			*/
        });

    });
","This script is using the Swiper library to create a banner slider. It sets up the slider to loop through the slides, adds navigation buttons for next and previous, and includes pagination bullets. It also sets the autoplay feature with a delay of 5000 milliseconds.

The commented out lines suggest that the script author may have considered using additional features such as center mode, variable width, and adaptive height, but decided not to implement them at this time."
"
				new daum.roughmap.Lander({
				  ""timestamp"" : ""1561713709486"",
				  ""key"" : ""u5a8"",
				  ""mapWidth"" : ""231"",
				  ""mapHeight"" : ""250""
				}).render();
			","I see that you are trying to create a new instance of the Daum RoughMap Lander and render it with the given parameters. It looks like you are using JavaScript to interact with the Daum Maps API.

The code you provided will create a new map with a specific timestamp, key, width, and height, and then render it on the page.

If you have any specific questions or need assistance with this code, please let me know how I can help!"
"
	$("".quick_form06_mo"").click(function(){
		//$("".quick_form06_moPop"").stop().fadeIn(""fast"");
		$("".quick_form06_moPop"").show();
	});

	$("".quick_form06_mo > .black_bg, .quick_form06_moPop > img"").click(function(){
		$("".quick_form06_moPop"").hide();
	});
","The first block of code is a jQuery event handler that triggers a function when an element with the class ""quick_form06_mo"" is clicked. The function shows an element with the class ""quick_form06_moPop"" using the `show()` method.

The second block of code is another jQuery event handler that triggers a function when an element with the class ""black_bg"" or an image within an element with the class ""quick_form06_moPop"" is clicked. The function hides the element with the class ""quick_form06_moPop"" using the `hide()` method.

Both blocks of code are written in jQuery and are used to show and hide elements on a web page in response to user interaction."
"
  $("".layer_close"").on(""click"", function(){
    console.log('test');
  });
","The code you provided is using jQuery to select elements with the class ""layer_close"" and then attaching a click event handler to them. When an element with the class ""layer_close"" is clicked, the function will log 'test' to the console."
"!function(b,e,f,g,a,c,d){b.fbq||(a=b.fbq=function(){a.callMethod?a.callMethod.apply(a,arguments):a.queue.push(arguments)},b._fbq||(b._fbq=a),a.push=a,a.loaded=!0,a.version=""2.0"",a.queue=[],c=e.createElement(f),c.async=!0,c.src=g,d=e.getElementsByTagName(f)[0],d.parentNode.insertBefore(c,d))}(window,document,""script"",""https://connect.facebook.net/en_US/fbevents.js"");fbq(""init"",""590470338761480"");fbq(""track"",""PageView"");","The script you provided is a JavaScript function that initializes the Facebook Pixel (fbq) and tracks a page view. The function is designed to load the Facebook Pixel script asynchronously and then initialize and track the page view.

Here's a breakdown of the script:

1. It checks if the Facebook Pixel script (fbq) has already been initialized. If not, it initializes the script and sets up the necessary functions and properties.

2. It loads the Facebook Pixel script asynchronously from the URL ""https://connect.facebook.net/en_US/fbevents.js"".

3. It initializes the Facebook Pixel with the ID ""590470338761480"".

4. It tracks a page view using the initialized Facebook Pixel.

In summary, this script sets up and tracks the page view using the Facebook Pixel for analytics and advertising purposes."
"!function(b,e,f,g,a,c,d){b.fbq||(a=b.fbq=function(){a.callMethod?a.callMethod.apply(a,arguments):a.queue.push(arguments)},b._fbq||(b._fbq=a),a.push=a,a.loaded=!0,a.version=""2.0"",a.queue=[],c=e.createElement(f),c.async=!0,c.src=g,d=e.getElementsByTagName(f)[0],d.parentNode.insertBefore(c,d))}(window,document,""script"",""https://connect.facebook.net/en_US/fbevents.js"");fbq(""init"",""427567372169564"");fbq(""track"",""PageView"");",This script is a Facebook Pixel code that is used for tracking and analyzing the behavior of visitors on a website. It initializes the Facebook Pixel and tracks a PageView event.
"!function(d,g,e){d.TiktokAnalyticsObject=e;var a=d[e]=d[e]||[];a.methods=""page track identify instances debug on off once ready alias group enableCookie disableCookie"".split("" "");a.setAndDefer=function(b,c){b[c]=function(){b.push([c].concat(Array.prototype.slice.call(arguments,0)))}};for(d=0;d<a.methods.length;d++)a.setAndDefer(a,a.methods[d]);a.instance=function(b){b=a._i[b]||[];for(var c=0;c<a.methods.length;c++)a.setAndDefer(b,a.methods[c]);return b};a.load=function(b,c){var f=""https://analytics.tiktok.com/i18n/pixel/events.js"";
a._i=a._i||{};a._i[b]=[];a._i[b]._u=f;a._t=a._t||{};a._t[b]=+new Date;a._o=a._o||{};a._o[b]=c||{};c=document.createElement(""script"");c.type=""text/javascript"";c.async=!0;c.src=f+""?sdkid\x3d""+b+""\x26lib\x3d""+e;b=document.getElementsByTagName(""script"")[0];b.parentNode.insertBefore(c,b)};a.load(""CA69AFRC77UC097IKFJG"");a.page()}(window,document,""ttq"");","This is a JavaScript function that initializes the TikTok Analytics object and sets up various methods and properties for tracking and analytics. It also loads the TikTok Analytics pixel for tracking events.

The function takes three parameters: `d` (window), `g` (document), and `e` (ttq).

It sets up the TikTokAnalyticsObject on the window object and creates an array for tracking methods. It also sets up methods for setting and deferring events, creating instances, and loading the TikTok Analytics pixel.

The function then loads the TikTok Analytics pixel with the specified SDK ID ""CA69AFRC77UC097IKFJG"".

After loading the pixel, it calls the `page` method to track the page view.

This function essentially sets up the TikTok Analytics object and prepares it for tracking and analytics on the web page."
"!function(b,e,f,g,a,c,d){b.fbq||(a=b.fbq=function(){a.callMethod?a.callMethod.apply(a,arguments):a.queue.push(arguments)},b._fbq||(b._fbq=a),a.push=a,a.loaded=!0,a.version=""2.0"",a.queue=[],c=e.createElement(f),c.async=!0,c.src=g,d=e.getElementsByTagName(f)[0],d.parentNode.insertBefore(c,d))}(window,document,""script"",""https://connect.facebook.net/en_US/fbevents.js"");fbq(""init"",""528812047838850"");fbq(""set"",""agent"",""tmgoogletagmanager"",""528812047838850"");fbq(""track"",""PageView"");","This script is a Facebook Pixel code that initializes the Facebook Pixel and tracks a page view. It first loads the Facebook Pixel script asynchronously and then initializes the Pixel with the ID ""528812047838850"". It also sets the agent as ""tmgoogletagmanager"" and tracks a page view."
"var adn_param=adn_param||[];adn_param.push([{ui:""104094"",ut:""Home""}]);","This is a JavaScript code that declares a variable `adn_param` and pushes an object with the properties `ui` and `ut` into the `adn_param` array. The object has a `ui` property with the value ""104094"" and a `ut` property with the value ""Home""."
"!function(d,g,e){d.TiktokAnalyticsObject=e;var a=d[e]=d[e]||[];a.methods=""page track identify instances debug on off once ready alias group enableCookie disableCookie"".split("" "");a.setAndDefer=function(b,c){b[c]=function(){b.push([c].concat(Array.prototype.slice.call(arguments,0)))}};for(d=0;d<a.methods.length;d++)a.setAndDefer(a,a.methods[d]);a.instance=function(b){b=a._i[b]||[];for(var c=0;c<a.methods.length;c++)a.setAndDefer(b,a.methods[c]);return b};a.load=function(b,c){var f=""https://analytics.tiktok.com/i18n/pixel/events.js"";
a._i=a._i||{};a._i[b]=[];a._i[b]._u=f;a._t=a._t||{};a._t[b]=+new Date;a._o=a._o||{};a._o[b]=c||{};c=document.createElement(""script"");c.type=""text/javascript"";c.async=!0;c.src=f+""?sdkid\x3d""+b+""\x26lib\x3d""+e;b=document.getElementsByTagName(""script"")[0];b.parentNode.insertBefore(c,b)};a.load(""CCLD41RC77UCJ9EILSRG"");a.load(""CEDVR5BC77UD28TR4M20"");a.page()}(window,document,""ttq"");","This is a JavaScript function that sets up TikTok analytics tracking on a web page. It initializes an object with various methods for tracking page views, user interactions, and other events. The function also loads the TikTok analytics library from a specific URL and sets up the necessary configurations for tracking.

The function takes three parameters: window, document, and ""ttq"" (which is the TikTokAnalyticsObject). It then sets up the necessary tracking methods and loads the TikTok analytics library with specific SDK IDs.

Overall, this function is responsible for initializing and setting up TikTok analytics tracking on a web page."
"!function(b,e,f,g,a,c,d){b.fbq||(a=b.fbq=function(){a.callMethod?a.callMethod.apply(a,arguments):a.queue.push(arguments)},b._fbq||(b._fbq=a),a.push=a,a.loaded=!0,a.version=""2.0"",a.queue=[],c=e.createElement(f),c.async=!0,c.src=g,d=e.getElementsByTagName(f)[0],d.parentNode.insertBefore(c,d))}(window,document,""script"",""https://connect.facebook.net/en_US/fbevents.js"");fbq(""init"",""948262026352527"");fbq(""trackSingle"",""PageView"");","This script is a snippet of code that initializes and tracks a Facebook Pixel event. It first loads the Facebook Pixel library asynchronously and then initializes the Facebook Pixel with a specific ID. After initialization, it tracks a single ""PageView"" event.

The `!function` is a way to immediately invoke the function expression and execute the code inside it. The code inside the function is responsible for loading the Facebook Pixel library and initializing the Facebook Pixel with the specified ID.

The `fbq` function is used to interact with the Facebook Pixel. In this case, it is used to initialize the Pixel with the specified ID and track a ""PageView"" event.

Overall, this script sets up and tracks Facebook Pixel events on a web page."
"(function(a,e,b,f,g,c,d){a[b]=a[b]||function(){(a[b].q=a[b].q||[]).push(arguments)};c=e.createElement(f);c.async=1;c.src=""https://www.clarity.ms/tag/""+g+""?ref\x3dgtm2"";d=e.getElementsByTagName(f)[0];d.parentNode.insertBefore(c,d)})(window,document,""clarity"",""script"",""icxkxx6jy2"");",This is a script that initializes the Clarity tag for website analytics. It creates a function `clarity` and loads the Clarity script asynchronously from a specific URL. The script is designed to be inserted into the website's HTML code to enable Clarity analytics tracking.
"(function(b,e,c,f,a,d){b[c]=b[c]||function(){(b[c].q=b[c].q||[]).push(arguments)};a=e.createElement(f);a.async=1;a.charset=""utf-8"";a.src=""//static.dable.io/dist/dablena.min.js"";d=e.getElementsByTagName(f)[0];d.parentNode.insertBefore(a,d)})(window,document,""dablena"",""script"");dablena(""init"",""001-009-981"");dablena(""track"",""PageView"");","The given code is a JavaScript snippet that initializes and tracks events using the DableNA script. It first creates a function and then calls that function with the window, document, ""dablena"", and ""script"" parameters. This function loads the DableNA script asynchronously and sets its charset to ""utf-8"". It then initializes the DableNA script with the ID ""001-009-981"" and tracks a ""PageView"" event.

In summary, the code dynamically loads the DableNA script and then initializes and tracks events using it."
"(function(f,c,d,e,a,b){a=c.createElement(d);a.async=!0;a.src=e;b=c.getElementsByTagName(d)[0];b.parentNode.insertBefore(a,b)})(window,document,""script"",""https://u.heatmap.it/log.js"");","The provided code is a self-invoking anonymous function that loads an external JavaScript file asynchronously. It uses the document object to create a new script element, sets its async attribute to true, assigns a source URL to it, and then inserts it into the document before the first child of the specified tag name.

This code is commonly used to dynamically load and execute scripts on a web page. It allows for non-blocking loading of scripts, which can improve the performance and responsiveness of the web page."
"
    <!--
    $(function(){
    });
    //-->
","It looks like you have a JavaScript code block inside an HTML comment. The code inside the `$(function(){})` block is typically used to execute when the DOM is fully loaded. However, it is currently empty, so it doesn't perform any specific actions. If you have any specific JavaScript functionality you want to execute when the DOM is loaded, you can add it inside the `$(function(){})` block."
"kakaoPixel(""2860954756978882039"").pageView();kakaoPixel(""2860954756978882039"").participation(""Consulting"");","I'm sorry, but I cannot execute the code you provided. If you have any questions about JavaScript or need help with anything else, feel free to ask!"
"kakaoPixel(""3212582789859422886"").pageView();","I'm sorry, but I'm not familiar with the function ""kakaoPixel"". Can you provide more information about what you are trying to accomplish with this code?"
"if(!wcs_add)var wcs_add={};wcs_add.wa=""s_3b3e32ff325a"";if(!_nasa)var _nasa={};wcs.inflow(""daprs.com"");wcs_do(_nasa);","The script you provided seems to be related to web analytics and tracking. It appears to be setting up variables for tracking website traffic and user behavior. The code is using the ""wcs_add"" and ""_nasa"" objects to track website activity and send data to a web analytics platform. The ""wcs_add.wa"" variable seems to be setting up a unique identifier for the website, and the ""wcs.inflow"" function is likely tracking the source of the website traffic. Finally, the ""wcs_do"" function is used to send the tracked data to the web analytics platform.

It's important to note that the code you provided is specific to a particular web analytics platform and may not work as expected without the necessary setup and configuration. If you have any specific questions or need further assistance with this code, feel free to ask!"
"$(""button#Pc_re_btn.confirm.btn"").click(function(){adn_btn_ok(""104094"",""types1"")});","This code snippet is using jQuery to select a button with the ID ""Pc_re_btn"" and the class ""confirm"" and ""btn"", and then attaching a click event handler to it. When the button is clicked, it will call the function adn_btn_ok with the parameters ""104094"" and ""types1""."
"window.karrotPixel.init(""1709167878048400001"");window.karrotPixel.track(""ViewPage"");","The code you've provided appears to be a JavaScript snippet that initializes and tracks a pixel using the Karrot platform. The `init` function is used to initialize the pixel with a specific identifier, and the `track` function is used to track a specific event, in this case ""ViewPage"".

Is there anything specific you would like to know or do with this code?"
"$(""button#pc_r_btn.confirm.btn"").click(function(){adn_btn_ok(""104094"",""types2"")});","The script you've provided is using jQuery to select a button with the ID ""pc_r_btn.confirm.btn"" and then attaching a click event handler to it. When the button is clicked, it will call the function adn_btn_ok with the arguments ""104094"" and ""types2""."
"$(""button#Nav_r_btn.confirm.btn"").click(function(){adn_btn_ok(""104094"",""types2"")});","This line of code is using jQuery to select a button with the ID ""Nav_r_btn"" and the classes ""confirm"" and ""btn"", and then attaching a click event handler to it. When the button is clicked, it will call the function adn_btn_ok with the arguments ""104094"" and ""types2""."
"$(""img#nav_k_btn"").click(function(){adn_btn_ok(""104094"",""types3"")});","It looks like you are trying to use jQuery to trigger a click event on an image with the ID ""nav_k_btn"" and then call the function ""adn_btn_ok"" with the arguments ""104094"" and ""types3"". Is there anything specific you would like to know or discuss about this code?"
"$(""button#Nav_re_btn.confirm.btn"").click(function(){adn_btn_ok(""104094"",""types3"")});","This script selects a button with the ID ""Nav_re_btn"" and the class ""confirm"" and ""btn"", then attaches a click event handler to it. When the button is clicked, it will call the function `adn_btn_ok` with the parameters ""104094"" and ""types3""."
"$(""#nav_k_btn"").click(function(){adn_btn_ok(""104094"",""types3"")});","This line of code uses jQuery to select the element with the ID ""nav_k_btn"" and attaches a click event handler to it. When the element with this ID is clicked, the function adn_btn_ok(""104094"",""types3"") will be called."
"$(""button#pc_r_btn.confirm.btn"").click(function(){adn_btn_ok(""104094"",""types5"")});","This line of code uses jQuery to select a button with the ID ""pc_r_btn.confirm.btn"" and adds a click event handler to it. When the button is clicked, it calls the function adn_btn_ok with the parameters ""104094"" and ""types5""."
"$(""#pc_k_btn"").click(function(){adn_btn_ok(""104094"",""types5"")});","The code you provided is a jQuery event handler that listens for a click event on an element with the ID ""pc_k_btn"". When the click event occurs, the function adn_btn_ok is called with the arguments ""104094"" and ""types5""."
"$("".fixedSubmit"").click(function(){adn_btn_ok(""104094"",""types4"")});","The code you've provided is a jQuery click event handler that targets elements with the class ""fixedSubmit"". When a click event is detected on an element with this class, it will trigger the function adn_btn_ok with the parameters ""104094"" and ""types4""."
"$(""img#pc_s_btn"").click(function(){adn_btn_ok(""104094"",""types6"")});","It looks like you are trying to use jQuery to select an image with the ID ""pc_s_btn"" and attach a click event handler to it. When the image is clicked, it will call the function adn_btn_ok with the parameters ""104094"" and ""types6"". This code is written in JavaScript and uses the jQuery library to select and manipulate elements on the webpage. If you have any questions or need further assistance with this code, feel free to ask!"
"$(""img#subtn"").click(function(){adn_btn_ok(""104094"",""types7"")});","It looks like you are using a jQuery function to handle a click event on an image with the ID ""subtn"". When the image is clicked, the function adn_btn_ok is called with the parameters ""104094"" and ""types7"". This code is likely used to trigger an action when the image is clicked, such as submitting a form or performing some other task."
"$(""img#popbtn"").click(function(){adn_btn_ok(""104094"",""types7"")});","The script you provided is using jQuery to select an image with the id ""popbtn"" and attaching a click event handler function to it. When the image is clicked, the function adn_btn_ok is called with the parameters ""104094"" and ""types7"". This code likely triggers an action or event related to the adn_btn_ok function with the specified parameters."
new_script,new_gpt_result
"[""\n\t\tvar json_locale_data = '';\n\t"", ""(function(w,d,s,l,i,j){w[l]=w[l]||[];w[l].push({'gtm.start':\n\tnew Date().getTime(),event:j+'.js'});var f=d.getElementsByTagName(s)[0],\n\tj=d.createElement(s),dl=l!='dataLayer'?'&l='+l:'';j.async=true;j.src=\n\t'https://www.googletagmanager.com/gtm.js?id='+i+dl;f.parentNode.insertBefore(j,f);\n\t})(window,document,'script','dataLayer','GTM-W4LBRPB','gtm');"", ""(function(w,d,s,l,i,j){w[l]=w[l]||[];w[l].push({'gtm.start':\n\tnew Date().getTime(),event:j+'.js'});var f=d.getElementsByTagName(s)[0],\n\tj=d.createElement(s),dl=l!='dataLayer'?'&l='+l:'';j.async=true;j.src=\n\t'https://www.googletagmanager.com/gtm.js?id='+i+dl;f.parentNode.insertBefore(j,f);\n\t})(window,document,'script','dataLayer','GTM-WWXRLGQ','gtm');"", 'window.dataLayer = window.dataLayer || [];function gtag(){dataLayer.push(arguments)}gtag(""js"", new Date())', '\n{\n  ""@context"":""http://schema.org"",\n  ""@type"":""ItemList"",\n  ""itemListElement"":[\n\t{\n\t  ""@type"": ""ListItem"",\n\t  ""name"": ""화려한 세미아웃"",\n\t  ""image"": ""https://daprs.com/data/skin/front/main/img/naver/naver_c01.jpg"",\n\t  ""url"": ""https://www.daprs.com/eye/semiout.php"",\n\t  ""position"": ""1""\n\t},\n\t{\n\t  ""@type"": ""ListItem"",\n\t  ""name"": ""자려한 코성형"",\n\t  ""image"": ""https://daprs.com/data/skin/front/main/img/naver/naver_c02.jpg"",\n\t  ""url"": ""https://daprs.com/nose/cartilage.php"",\n\t  ""position"": ""2""\n\t},\n\t{\n\t  ""@type"": ""ListItem"",\n\t  ""name"": ""쉐이핑 V라인"",\n\t  ""image"": ""https://daprs.com/data/skin/front/main/img/naver/naver_c03.jpg"",\n\t  ""url"": ""https://daprs.com/face/shapingvline.php"",\n\t  ""position"": ""3""\n\t},\n\t{\n\t  ""@type"": ""ListItem"",\n\t  ""name"": ""DA FOR MAN"",\n\t  ""image"": ""https://daprs.com/data/skin/front/main/img/naver/naver_c04.jpg"",\n\t  ""url"": ""https://daprs.com/men/index.php"",\n\t  ""position"": ""4""\n\t},\n\t{\n\t  ""@type"": ""ListItem"",\n\t  ""name"": ""DA 가슴"",\n\t  ""image"": ""https://daprs.com/data/skin/front/main/img/naver/naver_c05.jpg"",\n\t  ""url"": ""https://daprs.com/breast/dabreast.php"",\n\t  ""position"": ""5""\n\t},\n\t{\n\t  ""@type"": ""ListItem"",\n\t  ""name"": ""수직미니리프팅"",\n\t  ""image"": ""https://daprs.com/data/skin/front/main/img/naver/naver_c06.jpg"",\n\t  ""url"": ""https://lifting.daprs.com/surgery/3040minilifting.php"",\n\t  ""position"": ""6""\n\t}\n  ]\n}\n', ""\n    $(document).ready(function(){\n\t\tnew Swiper('.slider-banner-2665316930 .swiper-container', {\n\t\t\tloop: true,\n\t\t\tnavigation: {\n\t\t\t\tnextEl: '.slider-banner-2665316930 .swiper-button-next',\n\t\t\t\tprevEl: '.slider-banner-2665316930 .swiper-button-prev',\n\t\t\t},\n\t\t\tpagination: {\n\t\t\t\tel: '.slider-banner-2665316930 .swiper-pagination',\n\t\t\t\ttype: 'bullets',\n\t\t\t},\n\t\t\tautoplay: {\n\t\t\t\tdelay: 5000,\n\t\t\t},\n\n\t\t\t/*\n            centerMode:true,\n            variableWidth: true,\n            adaptiveHeight: true,\n\t\t\t*/\n        });\n\n    });\n"", '\n\t\t\t\tnew daum.roughmap.Lander({\n\t\t\t\t  ""timestamp"" : ""1561713709486"",\n\t\t\t\t  ""key"" : ""u5a8"",\n\t\t\t\t  ""mapWidth"" : ""231"",\n\t\t\t\t  ""mapHeight"" : ""250""\n\t\t\t\t}).render();\n\t\t\t', '\n\t$("".quick_form06_mo"").click(function(){\n\t\t//$("".quick_form06_moPop"").stop().fadeIn(""fast"");\n\t\t$("".quick_form06_moPop"").show();\n\t});\n\n\t$("".quick_form06_mo > .black_bg, .quick_form06_moPop > img"").click(function(){\n\t\t$("".quick_form06_moPop"").hide();\n\t});\n', '\n  $("".layer_close"").on(""click"", function(){\n    console.log(\'test\');\n  });\n', '\n    <!--\n    $(function(){\n    });\n    //-->\n', '!function(b,e,f,g,a,c,d){b.fbq||(a=b.fbq=function(){a.callMethod?a.callMethod.apply(a,arguments):a.queue.push(arguments)},b._fbq||(b._fbq=a),a.push=a,a.loaded=!0,a.version=""2.0"",a.queue=[],c=e.createElement(f),c.async=!0,c.src=g,d=e.getElementsByTagName(f)[0],d.parentNode.insertBefore(c,d))}(window,document,""script"",""https://connect.facebook.net/en_US/fbevents.js"");fbq(""init"",""590470338761480"");fbq(""track"",""PageView"");', '!function(b,e,f,g,a,c,d){b.fbq||(a=b.fbq=function(){a.callMethod?a.callMethod.apply(a,arguments):a.queue.push(arguments)},b._fbq||(b._fbq=a),a.push=a,a.loaded=!0,a.version=""2.0"",a.queue=[],c=e.createElement(f),c.async=!0,c.src=g,d=e.getElementsByTagName(f)[0],d.parentNode.insertBefore(c,d))}(window,document,""script"",""https://connect.facebook.net/en_US/fbevents.js"");fbq(""init"",""427567372169564"");fbq(""track"",""PageView"");', '!function(d,g,e){d.TiktokAnalyticsObject=e;var a=d[e]=d[e]||[];a.methods=""page track identify instances debug on off once ready alias group enableCookie disableCookie"".split("" "");a.setAndDefer=function(b,c){b[c]=function(){b.push([c].concat(Array.prototype.slice.call(arguments,0)))}};for(d=0;d<a.methods.length;d++)a.setAndDefer(a,a.methods[d]);a.instance=function(b){b=a._i[b]||[];for(var c=0;c<a.methods.length;c++)a.setAndDefer(b,a.methods[c]);return b};a.load=function(b,c){var f=""https://analytics.tiktok.com/i18n/pixel/events.js"";\na._i=a._i||{};a._i[b]=[];a._i[b]._u=f;a._t=a._t||{};a._t[b]=+new Date;a._o=a._o||{};a._o[b]=c||{};c=document.createElement(""script"");c.type=""text/javascript"";c.async=!0;c.src=f+""?sdkid\\x3d""+b+""\\x26lib\\x3d""+e;b=document.getElementsByTagName(""script"")[0];b.parentNode.insertBefore(c,b)};a.load(""CA69AFRC77UC097IKFJG"");a.page()}(window,document,""ttq"");', 'kakaoPixel(""2860954756978882039"").pageView();kakaoPixel(""2860954756978882039"").participation(""Consulting"");', '!function(b,e,f,g,a,c,d){b.fbq||(a=b.fbq=function(){a.callMethod?a.callMethod.apply(a,arguments):a.queue.push(arguments)},b._fbq||(b._fbq=a),a.push=a,a.loaded=!0,a.version=""2.0"",a.queue=[],c=e.createElement(f),c.async=!0,c.src=g,d=e.getElementsByTagName(f)[0],d.parentNode.insertBefore(c,d))}(window,document,""script"",""https://connect.facebook.net/en_US/fbevents.js"");fbq(""init"",""528812047838850"");fbq(""set"",""agent"",""tmgoogletagmanager"",""528812047838850"");fbq(""track"",""PageView"");', 'var adn_param=adn_param||[];adn_param.push([{ui:""104094"",ut:""Home""}]);', '!function(d,g,e){d.TiktokAnalyticsObject=e;var a=d[e]=d[e]||[];a.methods=""page track identify instances debug on off once ready alias group enableCookie disableCookie"".split("" "");a.setAndDefer=function(b,c){b[c]=function(){b.push([c].concat(Array.prototype.slice.call(arguments,0)))}};for(d=0;d<a.methods.length;d++)a.setAndDefer(a,a.methods[d]);a.instance=function(b){b=a._i[b]||[];for(var c=0;c<a.methods.length;c++)a.setAndDefer(b,a.methods[c]);return b};a.load=function(b,c){var f=""https://analytics.tiktok.com/i18n/pixel/events.js"";\na._i=a._i||{};a._i[b]=[];a._i[b]._u=f;a._t=a._t||{};a._t[b]=+new Date;a._o=a._o||{};a._o[b]=c||{};c=document.createElement(""script"");c.type=""text/javascript"";c.async=!0;c.src=f+""?sdkid\\x3d""+b+""\\x26lib\\x3d""+e;b=document.getElementsByTagName(""script"")[0];b.parentNode.insertBefore(c,b)};a.load(""CCLD41RC77UCJ9EILSRG"");a.load(""CEDVR5BC77UD28TR4M20"");a.page()}(window,document,""ttq"");', '!function(b,e,f,g,a,c,d){b.fbq||(a=b.fbq=function(){a.callMethod?a.callMethod.apply(a,arguments):a.queue.push(arguments)},b._fbq||(b._fbq=a),a.push=a,a.loaded=!0,a.version=""2.0"",a.queue=[],c=e.createElement(f),c.async=!0,c.src=g,d=e.getElementsByTagName(f)[0],d.parentNode.insertBefore(c,d))}(window,document,""script"",""https://connect.facebook.net/en_US/fbevents.js"");fbq(""init"",""948262026352527"");fbq(""trackSingle"",""PageView"");', '(function(a,e,b,f,g,c,d){a[b]=a[b]||function(){(a[b].q=a[b].q||[]).push(arguments)};c=e.createElement(f);c.async=1;c.src=""https://www.clarity.ms/tag/""+g+""?ref\\x3dgtm2"";d=e.getElementsByTagName(f)[0];d.parentNode.insertBefore(c,d)})(window,document,""clarity"",""script"",""icxkxx6jy2"");', '(function(b,e,c,f,a,d){b[c]=b[c]||function(){(b[c].q=b[c].q||[]).push(arguments)};a=e.createElement(f);a.async=1;a.charset=""utf-8"";a.src=""//static.dable.io/dist/dablena.min.js"";d=e.getElementsByTagName(f)[0];d.parentNode.insertBefore(a,d)})(window,document,""dablena"",""script"");dablena(""init"",""001-009-981"");dablena(""track"",""PageView"");', '(function(f,c,d,e,a,b){a=c.createElement(d);a.async=!0;a.src=e;b=c.getElementsByTagName(d)[0];b.parentNode.insertBefore(a,b)})(window,document,""script"",""https://u.heatmap.it/log.js"");', 'kakaoPixel(""3212582789859422886"").pageView();', 'if(!wcs_add)var wcs_add={};wcs_add.wa=""s_3b3e32ff325a"";if(!_nasa)var _nasa={};wcs.inflow(""daprs.com"");wcs_do(_nasa);', '$(""button#Pc_re_btn.confirm.btn"").click(function(){adn_btn_ok(""104094"",""types1"")});', 'window.karrotPixel.init(""1709167878048400001"");window.karrotPixel.track(""ViewPage"");', '$(""button#pc_r_btn.confirm.btn"").click(function(){adn_btn_ok(""104094"",""types2"")});', '$(""button#Nav_r_btn.confirm.btn"").click(function(){adn_btn_ok(""104094"",""types2"")});', '$(""img#nav_k_btn"").click(function(){adn_btn_ok(""104094"",""types3"")});', '$(""button#Nav_re_btn.confirm.btn"").click(function(){adn_btn_ok(""104094"",""types3"")});', '$(""#nav_k_btn"").click(function(){adn_btn_ok(""104094"",""types3"")});', '$(""button#pc_r_btn.confirm.btn"").click(function(){adn_btn_ok(""104094"",""types5"")});', '$(""#pc_k_btn"").click(function(){adn_btn_ok(""104094"",""types5"")});', '$("".fixedSubmit"").click(function(){adn_btn_ok(""104094"",""types4"")});', '$(""img#pc_s_btn"").click(function(){adn_btn_ok(""104094"",""types6"")});', '$(""img#subtn"").click(function(){adn_btn_ok(""104094"",""types7"")});', '$(""img#popbtn"").click(function(){adn_btn_ok(""104094"",""types7"")});']","[""It looks like you've initialized a variable called `json_locale_data` with an empty string. Is there anything specific you would like to do with this variable?"", ""This is a script that initializes Google Tag Manager (GTM) on a web page. It creates a data layer and pushes an event to it, then dynamically loads the GTM script from the Google Tag Manager server. The parameters passed to the function are the window object, document object, 'script' string, 'dataLayer' string, GTM container ID, and the event name. The script then appends the dynamically created script element to the document's head element.\n\nThe script is designed to track user interactions and send data to the GTM container for further processing and analysis."", 'This is a script for implementing Google Tag Manager on a website. It initializes the data layer and pushes an event to it. It then creates a script element and sets its source to the Google Tag Manager URL with the provided container ID. Finally, it inserts the script element into the document.\n\nThe script is designed to be executed in a web browser environment, and it will load the Google Tag Manager script and start tracking events on the website.', 'This code snippet initializes the `dataLayer` array if it\'s not already defined, and then defines a function `gtag` that pushes its arguments onto the `dataLayer` array. It then calls `gtag` with the arguments ""js"" and a new Date object.\n\nIf you have any further questions or need additional information, feel free to ask!', 'This is a structured data snippet in JSON-LD format. It represents a list of cosmetic surgery procedures offered by a specific clinic. Each procedure is listed as a ""ListItem"" with properties such as name, image, URL, and position. The ""@context"" indicates that the data is structured according to the schema.org vocabulary.\n\nAs a script interpreter, I can help you implement this structured data on a website to improve its visibility in search engine results. It can enhance the appearance of the search results and potentially lead to higher click-through rates. If you have a specific website or platform where you want to implement this structured data, feel free to share more details, and I can guide you through the process.', 'It looks like you\'re using the Swiper library to create a carousel/slider on your webpage. The code you\'ve provided sets up a new Swiper instance for the specified HTML element with the class ""slider-banner-2665316930"". \n\nThe Swiper instance is configured with the following options:\n- `loop: true` - Allows the slider to loop continuously.\n- `navigation` - Sets up navigation buttons for next and previous slides.\n- `pagination` - Configures pagination bullets for the slider.\n- `autoplay` - Enables automatic sliding with a delay of 5000 milliseconds.\n\nAdditionally, there are some commented out options for `centerMode`, `variableWidth`, and `adaptiveHeight` which are currently disabled. \n\nOverall, this code initializes a Swiper instance with the specified options to create a fully functional slider on the webpage.', ""It looks like you're trying to render a map using the Daum RoughMap API. The code you've provided is creating a new instance of the `Lander` object and setting some properties like `timestamp`, `key`, `mapWidth`, and `mapHeight`. Then it's calling the `render` method to display the map.\n\nIf you have any specific questions or need further assistance with this code, please feel free to ask!"", 'This script is written in jQuery and it contains two event handlers. \n\nThe first event handler is triggered when an element with the class ""quick_form06_mo"" is clicked. It shows an element with the class ""quick_form06_moPop"" by calling the `show()` method.\n\nThe second event handler is triggered when an element with the class ""black_bg"" that is a child of an element with the class ""quick_form06_mo"" or when an image that is a child of an element with the class ""quick_form06_moPop"" is clicked. It hides the element with the class ""quick_form06_moPop"" by calling the `hide()` method.\n\nThese event handlers are used to control the visibility of certain elements on the web page when specific elements are clicked.', 'This script attaches a click event listener to elements with the class ""layer_close"". When one of these elements is clicked, the function will log the message ""test"" to the console.', 'It looks like you have a JavaScript code snippet inside an HTML comment. The code appears to be using jQuery\'s shorthand for the ""document ready"" event, which is triggered when the DOM is fully loaded. However, the code inside the function is currently empty.\n\nIf you have specific functionality you want to add inside the `$(function(){})` block, you can add your JavaScript code there to execute it when the document is ready. For example:\n\n```javascript\n$(function(){\n    // Your JavaScript code here\n    // For example:\n    console.log(""Document is ready!"");\n});\n```\n\nThis will log ""Document is ready!"" to the console when the document is fully loaded.', 'This script initializes the Facebook Pixel and tracks a page view. The Facebook Pixel is a piece of code that you add to your website to track conversions, optimize ads, build targeted audiences for future ads, and remarket to people who have already taken some kind of action on your website.\n\nThe `!function()` is a self-invoking anonymous function that loads the Facebook Pixel code from the specified URL and initializes it with the provided pixel ID. \n\nThe `fbq(""init"",""590470338761480"")` line initializes the Facebook Pixel with the specified pixel ID.\n\nThe `fbq(""track"",""PageView"")` line sends a signal to Facebook to track a page view event.\n\nSo, this script sets up the Facebook Pixel and tracks a page view event on the page where it is placed.', 'This script is a Facebook Pixel code. It initializes the Facebook Pixel and tracks a page view on a website. The code sets up the Facebook Pixel by creating a script element and inserting it into the document, and then initializes the pixel with a specific ID and tracks a page view.', 'This is a JavaScript function that initializes the TikTok Analytics tracking object and loads the TikTok Analytics events script. The function sets up the necessary methods for tracking page views, user actions, and other events on a website. It also sets up the TikTok Analytics object and loads the necessary script for tracking events.\n\nThe function takes three parameters: window, document, and ""ttq"" (which is the TikTok Analytics object name).\n\nIt sets up the necessary methods for tracking events, such as page views, user actions, and other events. It also loads the TikTok Analytics events script using the load function.\n\nThe script is loaded from ""https://analytics.tiktok.com/i18n/pixel/events.js"" with a specific SDK ID and library name.\n\nOnce the function is executed, it initializes the TikTok Analytics tracking object and tracks the current page view.\n\nIf you have any specific questions or need further explanation, feel free to ask!', ""I'm sorry, but I am not able to execute the code provided. If you need help with JavaScript or any other coding language, feel free to ask for assistance with specific questions or issues."", 'This script is using the Facebook Pixel to track a page view. It first initializes the Facebook Pixel using the `fbq(""init"",""528812047838850"")` function, then sets the agent and tracks the page view using the `fbq(""set"",""agent"",""tmgoogletagmanager"",""528812047838850"")` and `fbq(""track"",""PageView"")` functions respectively.', 'The script you provided is written in JavaScript and it appears to be pushing an object into the adn_param array. The object being pushed has a key ""ui"" with a value of ""104094"" and a key ""ut"" with a value of ""Home"". This code is likely used to store user interface parameters for tracking or analytics purposes.', 'This is a JavaScript function that sets up TikTok analytics tracking on a webpage. It creates a global object `ttq` and sets up various tracking methods and events. It also loads the TikTok analytics library from a specific URL.\n\nLet me know if you need any further explanation or assistance with this script.', 'This code snippet is a JavaScript function that initializes the Facebook Pixel (a piece of code for your website that lets you measure, optimize, and build audiences for your advertising campaigns). The function is using the Facebook Pixel\'s JavaScript SDK to load and initialize the pixel.\n\nThe `fbq` function is used to initialize the Facebook Pixel and to track events. In this snippet, it\'s initializing the pixel with the ID ""948262026352527"" and then tracking a single ""PageView"" event.\n\nThe function is using the standard Facebook Pixel code provided by Facebook to load the pixel asynchronously on the webpage.\n\nIf you have any further questions or need assistance with this code, feel free to ask!', 'This code is a self-invoking anonymous function that loads the Clarity script asynchronously. It creates a function called ""clarity"" on the window object and appends a script element to the document that loads the Clarity script from clarity.ms. The script is loaded asynchronously, meaning it won\'t block the page from rendering while it\'s being fetched.', 'The provided code is a self-executing anonymous function, which loads the Dable JavaScript library and initializes it with the given parameters.\n\nThe function loads the Dable JavaScript library from the specified URL and initializes it with the account ID ""001-009-981"". It also tracks a ""PageView"" event using the Dable library.\n\nIf you have any specific questions or need further assistance with this code, please feel free to ask!', 'This is a script that loads an external JavaScript file asynchronously. It creates a new script element, sets its `async` attribute to true, sets its `src` attribute to the specified URL, and then inserts it into the document before the first existing script element. This allows the external JavaScript file to be loaded without blocking the rendering of the rest of the page.', ""I'm sorry, but I am not familiar with the method `kakaoPixel`. Can you provide more information or context about this method?"", 'The code you provided seems to be related to web analytics and tracking. It appears to be setting up a web analytics tool called ""wcs_add"" with a specific identifier and then triggering a tracking event on the website ""daprs.com"". The code also seems to be checking for the existence of a variable called ""_nasa"" and then calling a function ""wcs_do"" with the ""_nasa"" variable as an argument.\n\nIs there anything specific you would like to know or do with this code?', 'This script selects a button with the ID ""Pc_re_btn"" and the classes ""confirm"" and ""btn"" and attaches a click event listener to it. When the button is clicked, it calls the function `adn_btn_ok` with the parameters ""104094"" and ""types1"".', 'The given code is JavaScript that initializes and tracks a pixel using the KarrotPixel library. The `init` function initializes the pixel with a specific ID, and the `track` function sends a tracking event to the pixel, in this case, a ""ViewPage"" event.\n\nIs there anything else you would like to know about this code?', 'This line of code is using jQuery to select a button with the ID ""pc_r_btn"" and the classes ""confirm"" and ""btn"". When this button is clicked, it will trigger the function `adn_btn_ok` with the parameters ""104094"" and ""types2"".', 'This line of code uses jQuery to select a button element with the ID ""Nav_r_btn"" and the classes ""confirm"" and ""btn"". It then attaches a click event handler to the button, so that when it is clicked, it calls the function `adn_btn_ok` with the arguments ""104094"" and ""types2"".', 'It looks like you\'re trying to use jQuery to trigger a click event on an image with the ID ""nav_k_btn"" and then call the function ""adn_btn_ok"" with the parameters ""104094"" and ""types3"". Is there anything specific you\'d like to know about this code?', 'The script you provided is using jQuery to select a button with the ID ""Nav_re_btn"" and the class ""confirm"" and ""btn"". It then adds a click event handler to the button that calls the function ""adn_btn_ok"" with the arguments ""104094"" and ""types3"" when the button is clicked.', 'It looks like you\'re using jQuery to select an element with the ID ""nav_k_btn"" and attaching a click event handler to it. When the element with that ID is clicked, it will call the function adn_btn_ok with the arguments ""104094"" and ""types3"". Is there anything else you\'d like to know or do with this code?', 'The code you\'ve provided is using jQuery to select a button with the ID ""pc_r_btn"" and the class ""confirm"" and ""btn"", and then attaching a click event handler to it. When the button is clicked, it will call the function ""adn_btn_ok"" with the parameters ""104094"" and ""types5"".\n\nIs there anything else you would like to know or do with this code?', 'The script you provided is using jQuery to select an element with the id ""pc_k_btn"" and attaching a click event handler to it. When the element with the id ""pc_k_btn"" is clicked, it will call the function adn_btn_ok with the arguments ""104094"" and ""types5"".', 'The code you\'ve provided is using jQuery to select an element with the class ""fixedSubmit"" and attaching a click event listener to it. When the element with the class ""fixedSubmit"" is clicked, the function adn_btn_ok() will be called with the arguments ""104094"" and ""types4"".', 'This script uses jQuery to select an image element with the ID ""pc_s_btn"" and attaches a click event handler to it. When the image is clicked, it will call the function adn_btn_ok with the arguments ""104094"" and ""types6"".', 'The code you\'ve provided is a jQuery event handler that listens for a click on an image with the ID ""subtn"". When the click event occurs, it calls the function adn_btn_ok with the arguments ""104094"" and ""types7"". \n\nIf you have any further questions or need assistance with anything else, feel free to ask!', 'This line of code uses jQuery to select an image element with the ID ""popbtn"" and attaches a click event handler to it. When the image is clicked, the function adn_btn_ok(""104094"",""types7"") will be executed.']"
new_script,new_gpt_result
"
		var json_locale_data = '';
	",It looks like you've assigned an empty string to the variable `json_locale_data`. Is there anything specific you'd like to do with this variable?
"(function(w,d,s,l,i,j){w[l]=w[l]||[];w[l].push({'gtm.start':
	new Date().getTime(),event:j+'.js'});var f=d.getElementsByTagName(s)[0],
	j=d.createElement(s),dl=l!='dataLayer'?'&l='+l:'';j.async=true;j.src=
	'https://www.googletagmanager.com/gtm.js?id='+i+dl;f.parentNode.insertBefore(j,f);
	})(window,document,'script','dataLayer','GTM-W4LBRPB','gtm');","The provided code is a JavaScript function that initializes Google Tag Manager (GTM) on a web page. It creates a script element and appends it to the document to load the GTM library. The function also pushes an event to the dataLayer array to track the start time of the GTM loading process.

Here's a breakdown of the function parameters and their roles:
- window: The global window object
- document: The document object representing the HTML document
- 'script': The string 'script' representing the type of element to create
- 'dataLayer': The name of the data layer array
- 'GTM-W4LBRPB': The GTM container ID
- 'gtm': The event name for the GTM start event

When this function is executed, it sets up GTM on the page with the specified container ID and pushes an event to the dataLayer to track the start time of the GTM loading."
"(function(w,d,s,l,i,j){w[l]=w[l]||[];w[l].push({'gtm.start':
	new Date().getTime(),event:j+'.js'});var f=d.getElementsByTagName(s)[0],
	j=d.createElement(s),dl=l!='dataLayer'?'&l='+l:'';j.async=true;j.src=
	'https://www.googletagmanager.com/gtm.js?id='+i+dl;f.parentNode.insertBefore(j,f);
	})(window,document,'script','dataLayer','GTM-WWXRLGQ','gtm');","This is a script for Google Tag Manager (GTM) to start tracking events. It initializes the data layer and pushes an event to it, then creates a script element to load the GTM library asynchronously. The script also appends the script element to the document's head.

The GTM ID in this script is ""GTM-WWXRLGQ"". When this script is executed, it will start tracking events on the website using Google Tag Manager."
"window.dataLayer = window.dataLayer || [];function gtag(){dataLayer.push(arguments)}gtag(""js"", new Date())",The code you provided initializes the Google Tag Manager (gtag.js) with the current date and time. It also creates a dataLayer array if it doesn't already exist and pushes the initialization arguments onto the dataLayer.
"
{
  ""@context"":""http://schema.org"",
  ""@type"":""ItemList"",
  ""itemListElement"":[
	{
	  ""@type"": ""ListItem"",
	  ""name"": ""화려한 세미아웃"",
	  ""image"": ""https://daprs.com/data/skin/front/main/img/naver/naver_c01.jpg"",
	  ""url"": ""https://www.daprs.com/eye/semiout.php"",
	  ""position"": ""1""
	},
	{
	  ""@type"": ""ListItem"",
	  ""name"": ""자려한 코성형"",
	  ""image"": ""https://daprs.com/data/skin/front/main/img/naver/naver_c02.jpg"",
	  ""url"": ""https://daprs.com/nose/cartilage.php"",
	  ""position"": ""2""
	},
	{
	  ""@type"": ""ListItem"",
	  ""name"": ""쉐이핑 V라인"",
	  ""image"": ""https://daprs.com/data/skin/front/main/img/naver/naver_c03.jpg"",
	  ""url"": ""https://daprs.com/face/shapingvline.php"",
	  ""position"": ""3""
	},
	{
	  ""@type"": ""ListItem"",
	  ""name"": ""DA FOR MAN"",
	  ""image"": ""https://daprs.com/data/skin/front/main/img/naver/naver_c04.jpg"",
	  ""url"": ""https://daprs.com/men/index.php"",
	  ""position"": ""4""
	},
	{
	  ""@type"": ""ListItem"",
	  ""name"": ""DA 가슴"",
	  ""image"": ""https://daprs.com/data/skin/front/main/img/naver/naver_c05.jpg"",
	  ""url"": ""https://daprs.com/breast/dabreast.php"",
	  ""position"": ""5""
	},
	{
	  ""@type"": ""ListItem"",
	  ""name"": ""수직미니리프팅"",
	  ""image"": ""https://daprs.com/data/skin/front/main/img/naver/naver_c06.jpg"",
	  ""url"": ""https://lifting.daprs.com/surgery/3040minilifting.php"",
	  ""position"": ""6""
	}
  ]
}
","This is a structured data snippet in JSON-LD format. It represents a list of cosmetic surgery procedures offered by a specific clinic. The list includes the name of the procedure, an image representing the procedure, the URL where more information can be found, and the position of the procedure in the list.

The `@context` indicates that the data is using the schema.org vocabulary. The `@type` is ""ItemList"", and the `itemListElement` contains individual items with their specific properties such as name, image, url, and position.

If you want to use this structured data on a website, you can include it in the HTML of the page using a script tag. This will help search engines understand the content and potentially display it in a more visually appealing way in search results."
"
    $(document).ready(function(){
		new Swiper('.slider-banner-2665316930 .swiper-container', {
			loop: true,
			navigation: {
				nextEl: '.slider-banner-2665316930 .swiper-button-next',
				prevEl: '.slider-banner-2665316930 .swiper-button-prev',
			},
			pagination: {
				el: '.slider-banner-2665316930 .swiper-pagination',
				type: 'bullets',
			},
			autoplay: {
				delay: 5000,
			},

			/*
            centerMode:true,
            variableWidth: true,
            adaptiveHeight: true,
			*/
        });

    });
","This script is using the Swiper library to create a banner slider with navigation buttons and pagination. The slider is set to loop infinitely, and it has autoplay enabled with a delay of 5000 milliseconds. 

Additionally, there are some commented out options for center mode, variable width, and adaptive height, which are currently not being used. 

Overall, this script initializes the Swiper plugin on the specified slider container and configures its options for navigation, pagination, and autoplay."
"
				new daum.roughmap.Lander({
				  ""timestamp"" : ""1561713709486"",
				  ""key"" : ""u5a8"",
				  ""mapWidth"" : ""231"",
				  ""mapHeight"" : ""250""
				}).render();
			","I see that you are trying to use the Daum Maps API to render a map. However, as a script interpreter, I am unable to execute the code directly. If you have a specific question or need help with understanding the code, feel free to ask and I will be happy to assist you."
"
	$("".quick_form06_mo"").click(function(){
		//$("".quick_form06_moPop"").stop().fadeIn(""fast"");
		$("".quick_form06_moPop"").show();
	});

	$("".quick_form06_mo > .black_bg, .quick_form06_moPop > img"").click(function(){
		$("".quick_form06_moPop"").hide();
	});
","This script uses jQuery to handle click events on elements with the classes ""quick_form06_mo"" and ""quick_form06_moPop"". 

The first function is triggered when an element with the class ""quick_form06_mo"" is clicked. It shows an element with the class ""quick_form06_moPop"" using the `show()` method.

The second function is triggered when an element with the class ""black_bg"" inside an element with the class ""quick_form06_mo"" or an image inside an element with the class ""quick_form06_moPop"" is clicked. It hides the element with the class ""quick_form06_moPop"" using the `hide()` method.

So, in summary, clicking on an element with the class ""quick_form06_mo"" will show an element with the class ""quick_form06_moPop"", and clicking on the black background or an image inside the ""quick_form06_moPop"" will hide it."
"
  $("".layer_close"").on(""click"", function(){
    console.log('test');
  });
","The code you've provided uses jQuery to select elements with the class ""layer_close"" and then attaches a click event handler to them. When a ""layer_close"" element is clicked, the function inside the `on` method will be executed, logging the message ""test"" to the console."
"
    <!--
    $(function(){
    });
    //-->
","It looks like you have a JavaScript code snippet that is enclosed in HTML comments. The `$(function(){})` is a shorthand for `$(document).ready()`, which is a jQuery function that is called when the DOM is fully loaded.

If you want to execute some code when the DOM is ready, you can add your code inside the `$(function(){})` or `$(document).ready()` function.

For example:

```javascript
$(function(){
    // Your code here
    console.log(""DOM is ready"");
});
```

This code will execute the `console.log` statement when the DOM is fully loaded."
"!function(b,e,f,g,a,c,d){b.fbq||(a=b.fbq=function(){a.callMethod?a.callMethod.apply(a,arguments):a.queue.push(arguments)},b._fbq||(b._fbq=a),a.push=a,a.loaded=!0,a.version=""2.0"",a.queue=[],c=e.createElement(f),c.async=!0,c.src=g,d=e.getElementsByTagName(f)[0],d.parentNode.insertBefore(c,d))}(window,document,""script"",""https://connect.facebook.net/en_US/fbevents.js"");fbq(""init"",""590470338761480"");fbq(""track"",""PageView"");",This script is a Facebook Pixel code that initializes the Facebook Pixel and tracks a page view. The script initializes the Facebook Pixel by loading the Facebook Pixel library and then sends a page view event to Facebook.
"!function(b,e,f,g,a,c,d){b.fbq||(a=b.fbq=function(){a.callMethod?a.callMethod.apply(a,arguments):a.queue.push(arguments)},b._fbq||(b._fbq=a),a.push=a,a.loaded=!0,a.version=""2.0"",a.queue=[],c=e.createElement(f),c.async=!0,c.src=g,d=e.getElementsByTagName(f)[0],d.parentNode.insertBefore(c,d))}(window,document,""script"",""https://connect.facebook.net/en_US/fbevents.js"");fbq(""init"",""427567372169564"");fbq(""track"",""PageView"");","The script you've provided is a Facebook Pixel code snippet that initializes the Facebook Pixel and tracks a page view. It uses the Facebook Pixel API to send data to Facebook for tracking and analytics purposes. The code initializes the Facebook Pixel and then tracks a page view with the specified pixel ID ""427567372169564"".

If you have any specific questions or need further assistance with this code, feel free to ask!"
"!function(d,g,e){d.TiktokAnalyticsObject=e;var a=d[e]=d[e]||[];a.methods=""page track identify instances debug on off once ready alias group enableCookie disableCookie"".split("" "");a.setAndDefer=function(b,c){b[c]=function(){b.push([c].concat(Array.prototype.slice.call(arguments,0)))}};for(d=0;d<a.methods.length;d++)a.setAndDefer(a,a.methods[d]);a.instance=function(b){b=a._i[b]||[];for(var c=0;c<a.methods.length;c++)a.setAndDefer(b,a.methods[c]);return b};a.load=function(b,c){var f=""https://analytics.tiktok.com/i18n/pixel/events.js"";
a._i=a._i||{};a._i[b]=[];a._i[b]._u=f;a._t=a._t||{};a._t[b]=+new Date;a._o=a._o||{};a._o[b]=c||{};c=document.createElement(""script"");c.type=""text/javascript"";c.async=!0;c.src=f+""?sdkid\x3d""+b+""\x26lib\x3d""+e;b=document.getElementsByTagName(""script"")[0];b.parentNode.insertBefore(c,b)};a.load(""CA69AFRC77UC097IKFJG"");a.page()}(window,document,""ttq"");","This script is a snippet of code that initializes the TikTok analytics object and loads the TikTok analytics pixel for event tracking on a web page. The script creates a global object named `ttq` and sets up various methods for tracking, identifying, and managing analytics events.

The `load` function is used to load the TikTok analytics pixel with a specific SDK ID and library name. The `page` function is called to track a page view event.

Overall, this script sets up the necessary infrastructure for integrating TikTok analytics into a web page."
"!function(b,e,f,g,a,c,d){b.fbq||(a=b.fbq=function(){a.callMethod?a.callMethod.apply(a,arguments):a.queue.push(arguments)},b._fbq||(b._fbq=a),a.push=a,a.loaded=!0,a.version=""2.0"",a.queue=[],c=e.createElement(f),c.async=!0,c.src=g,d=e.getElementsByTagName(f)[0],d.parentNode.insertBefore(c,d))}(window,document,""script"",""https://connect.facebook.net/en_US/fbevents.js"");fbq(""init"",""528812047838850"");fbq(""set"",""agent"",""tmgoogletagmanager"",""528812047838850"");fbq(""track"",""PageView"");",This script initializes the Facebook Pixel and tracks a page view. It's setting up the Facebook Pixel and then sending a page view event to Facebook for tracking and analysis.
"var adn_param=adn_param||[];adn_param.push([{ui:""104094"",ut:""Home""}]);","This line of code creates a variable called `adn_param` if it doesn't already exist, and then pushes an object with a `ui` property set to ""104094"" and a `ut` property set to ""Home"" into the `adn_param` array."
"!function(d,g,e){d.TiktokAnalyticsObject=e;var a=d[e]=d[e]||[];a.methods=""page track identify instances debug on off once ready alias group enableCookie disableCookie"".split("" "");a.setAndDefer=function(b,c){b[c]=function(){b.push([c].concat(Array.prototype.slice.call(arguments,0)))}};for(d=0;d<a.methods.length;d++)a.setAndDefer(a,a.methods[d]);a.instance=function(b){b=a._i[b]||[];for(var c=0;c<a.methods.length;c++)a.setAndDefer(b,a.methods[c]);return b};a.load=function(b,c){var f=""https://analytics.tiktok.com/i18n/pixel/events.js"";
a._i=a._i||{};a._i[b]=[];a._i[b]._u=f;a._t=a._t||{};a._t[b]=+new Date;a._o=a._o||{};a._o[b]=c||{};c=document.createElement(""script"");c.type=""text/javascript"";c.async=!0;c.src=f+""?sdkid\x3d""+b+""\x26lib\x3d""+e;b=document.getElementsByTagName(""script"")[0];b.parentNode.insertBefore(c,b)};a.load(""CCLD41RC77UCJ9EILSRG"");a.load(""CEDVR5BC77UD28TR4M20"");a.page()}(window,document,""ttq"");","This code is a JavaScript function that sets up the TikTok Analytics object and loads the TikTok Analytics pixel for tracking events on a web page. The function sets up various methods for tracking, identifying, and managing analytics events. It also loads the TikTok Analytics pixel with specific SDK IDs.

The function takes three parameters: window, document, and ""ttq"" (which represents the TikTok Analytics object).

The code sets up the TikTok Analytics object and its methods, and then loads the TikTok Analytics pixel with two specific SDK IDs: ""CCLD41RC77UCJ9EILSRG"" and ""CEDVR5BC77UD28TR4M20"".

After loading the pixel, it calls the ""page"" method to track the page view.

The purpose of this code is to enable TikTok Analytics tracking on a web page."
"!function(b,e,f,g,a,c,d){b.fbq||(a=b.fbq=function(){a.callMethod?a.callMethod.apply(a,arguments):a.queue.push(arguments)},b._fbq||(b._fbq=a),a.push=a,a.loaded=!0,a.version=""2.0"",a.queue=[],c=e.createElement(f),c.async=!0,c.src=g,d=e.getElementsByTagName(f)[0],d.parentNode.insertBefore(c,d))}(window,document,""script"",""https://connect.facebook.net/en_US/fbevents.js"");fbq(""init"",""948262026352527"");fbq(""trackSingle"",""PageView"");","The provided code is a JavaScript function that initializes the Facebook Pixel and tracks a single page view. The function is using the Facebook Pixel's JavaScript SDK to load and execute the tracking code.

The first line of the code is a self-invoking anonymous function that loads the Facebook Pixel JavaScript SDK asynchronously. This function initializes the Facebook Pixel and sets up the tracking code to send a ""PageView"" event.

The `fbq` function is used to interact with the Facebook Pixel. In this case, it is used to initialize the Facebook Pixel with the provided ID and track a single page view event.

Overall, this code sets up and initializes the Facebook Pixel for tracking page views on a website."
"(function(a,e,b,f,g,c,d){a[b]=a[b]||function(){(a[b].q=a[b].q||[]).push(arguments)};c=e.createElement(f);c.async=1;c.src=""https://www.clarity.ms/tag/""+g+""?ref\x3dgtm2"";d=e.getElementsByTagName(f)[0];d.parentNode.insertBefore(c,d)})(window,document,""clarity"",""script"",""icxkxx6jy2"");","This code is a self-executing anonymous function that sets up the Clarity script for tracking user interactions on a website. It creates a global function called `clarity` on the `window` object, which can be used to track user interactions. The function also dynamically creates a script element and appends it to the document to load the Clarity script from the specified URL."
"(function(b,e,c,f,a,d){b[c]=b[c]||function(){(b[c].q=b[c].q||[]).push(arguments)};a=e.createElement(f);a.async=1;a.charset=""utf-8"";a.src=""//static.dable.io/dist/dablena.min.js"";d=e.getElementsByTagName(f)[0];d.parentNode.insertBefore(a,d)})(window,document,""dablena"",""script"");dablena(""init"",""001-009-981"");dablena(""track"",""PageView"");","The given code is a self-invoking function that loads the Dable script and initializes it with the provided ID ""001-009-981"". It also tracks a ""PageView"" event.

The code can be broken down as follows:

1. The self-invoking function loads the Dable script from ""//static.dable.io/dist/dablena.min.js"" and initializes it with the provided ID ""001-009-981"".
2. It then tracks a ""PageView"" event.

This code essentially loads the Dable script and initializes it with the provided ID, and then tracks a ""PageView"" event."
"(function(f,c,d,e,a,b){a=c.createElement(d);a.async=!0;a.src=e;b=c.getElementsByTagName(d)[0];b.parentNode.insertBefore(a,b)})(window,document,""script"",""https://u.heatmap.it/log.js"");","This script appears to be a function call that loads an external JavaScript file. The function takes six arguments: f, c, d, e, a, and b. It creates a new script element, sets its async attribute to true, sets its src attribute to the value of the e argument, and then inserts it into the document before the first element of the type specified by the d argument.

The purpose of this script seems to be to load an external JavaScript file from the URL ""https://u.heatmap.it/log.js"" asynchronously."
"kakaoPixel(""2860954756978882039"").pageView();kakaoPixel(""2860954756978882039"").participation(""Consulting"");","I'm sorry, but I am not able to process or execute code. If you have any questions about JavaScript or need assistance with writing code, feel free to ask and I'd be happy to help."
"kakaoPixel(""3212582789859422886"").pageView();","I'm sorry, I am not familiar with the ""kakaoPixel"" function. Can you provide more information about what you are trying to achieve?"
"if(!wcs_add)var wcs_add={};wcs_add.wa=""s_3b3e32ff325a"";if(!_nasa)var _nasa={};wcs.inflow(""daprs.com"");wcs_do(_nasa);","The code you've provided seems to be related to web analytics, specifically the Webtrends Analytics (wcs) and NASA. It appears to be setting up a tracking variable and initiating a data collection process. If you have specific questions or need further assistance with this code, please let me know."
"$(""button#Pc_re_btn.confirm.btn"").click(function(){adn_btn_ok(""104094"",""types1"")});","This script uses jQuery to select a button with the ID ""Pc_re_btn"" and the classes ""confirm"" and ""btn"", and then attaches a click event listener to it. When the button is clicked, it calls the function adn_btn_ok with the parameters ""104094"" and ""types1""."
"window.karrotPixel.init(""1709167878048400001"");window.karrotPixel.track(""ViewPage"");","The code you've provided is using the `karrotPixel` object to initialize and track a page view. The `init` function is being used to initialize the pixel with a specific ID, and the `track` function is being used to track the ""ViewPage"" event.

Is there anything specific you would like to know about this code?"
"$(""button#pc_r_btn.confirm.btn"").click(function(){adn_btn_ok(""104094"",""types2"")});","This script is using jQuery to select a button with the ID ""pc_r_btn"" and the class ""confirm"" and ""btn"", and then it is attaching a click event handler to it. When the button is clicked, it will call the function adn_btn_ok with the parameters ""104094"" and ""types2""."
"$(""button#Nav_r_btn.confirm.btn"").click(function(){adn_btn_ok(""104094"",""types2"")});","It looks like you're using jQuery to select a button with the ID ""Nav_r_btn.confirm.btn"" and then attaching a click event handler to it. When the button is clicked, it will call the function adn_btn_ok with the arguments ""104094"" and ""types2""."
"$(""img#nav_k_btn"").click(function(){adn_btn_ok(""104094"",""types3"")});","The code you've provided is a jQuery function that targets an image with the ID ""nav_k_btn"" and attaches a click event handler to it. When the image is clicked, the function ""adn_btn_ok"" is called with the parameters ""104094"" and ""types3"". This code likely triggers some action or behavior on the webpage when the specified image is clicked."
"$(""button#Nav_re_btn.confirm.btn"").click(function(){adn_btn_ok(""104094"",""types3"")});","This script assigns a click event to the button with the ID ""Nav_re_btn"" and the classes ""confirm"" and ""btn"". When this button is clicked, it will call the function `adn_btn_ok` with the parameters ""104094"" and ""types3""."
"$(""#nav_k_btn"").click(function(){adn_btn_ok(""104094"",""types3"")});","It looks like you're using jQuery to select the element with the id ""nav_k_btn"" and attaching a click event handler to it. When the element is clicked, it will call a function called ""adn_btn_ok"" with the parameters ""104094"" and ""types3""."
"$(""button#pc_r_btn.confirm.btn"").click(function(){adn_btn_ok(""104094"",""types5"")});","It looks like you're using jQuery to select a button with the ID ""pc_r_btn"" and the class ""confirm"" and ""btn"", and then attaching a click event to it. When the button is clicked, it will call the function adn_btn_ok with the arguments ""104094"" and ""types5""."
"$(""#pc_k_btn"").click(function(){adn_btn_ok(""104094"",""types5"")});","This line of code uses jQuery to select an element with the ID ""pc_k_btn"" and attaches a click event handler to it. When the element with the ID ""pc_k_btn"" is clicked, the function adn_btn_ok is called with the arguments ""104094"" and ""types5""."
"$("".fixedSubmit"").click(function(){adn_btn_ok(""104094"",""types4"")});","This script uses jQuery to select an element with the class ""fixedSubmit"" and attaches a click event handler to it. When the element with this class is clicked, it will trigger the function adn_btn_ok with the arguments ""104094"" and ""types4""."
"$(""img#pc_s_btn"").click(function(){adn_btn_ok(""104094"",""types6"")});","The code you provided is a jQuery function that targets an image with the ID ""pc_s_btn"" and attaches a click event handler to it. When the image is clicked, it will call the function adn_btn_ok with the parameters ""104094"" and ""types6""."
"$(""img#subtn"").click(function(){adn_btn_ok(""104094"",""types7"")});","It looks like you're using jQuery to select an image with the id ""subtn"" and attaching a click event to it. When the image is clicked, it will call the function `adn_btn_ok` with the parameters ""104094"" and ""types7""."
"$(""img#popbtn"").click(function(){adn_btn_ok(""104094"",""types7"")});","This script uses jQuery to select an image with the ID ""popbtn"" and adds a click event listener to it. When the image is clicked, it calls the function adn_btn_ok with the parameters ""104094"" and ""types7""."
